<?xml version="1.0"?>
<wslist>
    <username>user0</username>
    <website>
        <wsname>www.example1.com</wsname>
        <changes>No</changes>
        <startdate>2002-05-30T09:30:10Z</startdate>
        <prevdata>something old</prevdata>
        <newdata>something new</newdata>
    </website>
    <website>
        <wsname>www.example2.com</wsname>
        <changes>Yes</changes>
        <startdate>2015-03-18T18:35:12Z</startdate>
        <prevdata>something old</prevdata>
        <newdata>something new</newdata>
    </website>
    <website>
        <wsname>www.example3.com</wsname>
        <changes>Yes</changes>
        <startdate>2015-03-07T10:00:45Z</startdate>
        <prevdata>something old</prevdata>
        <newdata>something new</newdata>
    </website>
    <website>
        <wsname>www.example4.com</wsname>
        <changes>No</changes>
        <startdate>2002-05-21T15:30:08Z</startdate>
        <prevdata>something old</prevdata>
        <newdata>something new</newdata>
    </website>
</wslist>